{"_step":14,"Epoch":14,"Train Loss":0.031791315591226645,"Train Accuracy":0.99,"Test Accuracy":0.9886,"_timestamp":1.7511335945634775e+09,"_runtime":2325.841192263,"_wandb":{"runtime":2335}}