{"train_accuracy":0.9896,"_timestamp":1.7511034633439224e+09,"_runtime":2107.323052487,"_step":15,"test_accuracy":0.9913,"_wandb":{"runtime":2107},"epoch":14,"train_loss":0.033200088781591815}