{"epoch":19,"loss":0.03094363575247722,"accuracy":0.99025,"_timestamp":1.7510540025241437e+09,"_runtime":7257.8763697,"_step":20,"test_accuracy":0.9897,"_wandb":{"runtime":7258}}