{"epoch":1,"batch_idx":898,"loss":1.6001312732696533,"_timestamp":1.751185530393346e+09,"val_acc":0.3212,"_wandb":{"runtime":144},"_runtime":143.951886312,"_step":1837}