{"_step":3747,"epoch":3,"val_acc":0.5323,"_wandb":{"runtime":1146},"batch_idx":930,"loss":1.1594164371490479,"_timestamp":1.751186779467483e+09,"_runtime":1144.772036758}